{"name":"4bff08c3-1846-4141-8681-25a2ed59fb4e","id":"/providers/Microsoft.Flow/flows/4bff08c3-1846-4141-8681-25a2ed59fb4e","type":"Microsoft.Flow/flows","properties":{"apiId":"/providers/Microsoft.PowerApps/apis/shared_logicflows","displayName":"0616_TeamsBotから人を呼び出す","definition":{"$schema":"https://schema.management.azure.com/providers/Microsoft.Logic/schemas/2016-06-01/workflowdefinition.json#","contentVersion":"1.0.0.0","parameters":{"$connections":{"defaultValue":{},"type":"Object"},"$authentication":{"defaultValue":{},"type":"SecureObject"}},"triggers":{"manual":{"type":"Request","kind":"Http","inputs":{"schema":{"type":"object","properties":{"type":{"type":"string"},"id":{"type":"string"},"timestamp":{"type":"string"},"localTimestamp":{"type":"string"},"serviceUrl":{"type":"string"},"channelId":{"type":"string"},"from":{"type":"object","properties":{"id":{"type":"string"},"name":{"type":"string"},"aadObjectId":{"type":"string"}}},"conversation":{"type":"object","properties":{"id":{"type":"string"},"conversationType":{"type":"string"}}},"recipient":{"type":"object","properties":{"id":{"type":"string"},"name":{"type":"string"}}},"textFormat":{"type":"string"},"membersAdded":{"type":"array"},"membersRemoved":{"type":"array"},"text":{"type":"string"},"attachments":{"type":"array"},"entities":{"type":"array","items":{"type":"object","properties":{"type":{"type":"string"},"locale":{"type":"string"},"country":{"type":"string"},"platform":{"type":"string"}},"required":["type","locale","country","platform"]}},"channelData":{"type":"object","properties":{"tenant":{"type":"object","properties":{"id":{"type":"string"}}}}}}}}}},"actions":{"応答":{"runAfter":{"Apply_to_each":["Succeeded"]},"type":"Response","kind":"Http","inputs":{"statusCode":200,"body":"呼び出しましたぜ、ボス"}},"ユーザーの検索":{"runAfter":{},"metadata":{"flowSystemMetadata":{"swaggerOperationId":"SearchUser"}},"type":"ApiConnection","inputs":{"host":{"api":{"runtimeUrl":"https://japan-001.azure-apim.net/apim/office365users"},"connection":{"name":"@parameters('$connections')['shared_office365users']['connectionId']"}},"method":"get","path":"/users","queries":{"searchTerm":"@triggerBody()?['text']","top":1},"authentication":"@parameters('$authentication')"}},"Apply_to_each":{"foreach":"@body('ユーザーの検索')","actions":{"PowerAppsで特定ユーザーに通知を行う":{"runAfter":{},"metadata":{"flowSystemMetadata":{"swaggerOperationId":"SendPushNotification"}},"type":"ApiConnection","inputs":{"host":{"api":{"runtimeUrl":"https://japan-001.azure-apim.net/apim/powerappsnotification"},"connection":{"name":"@parameters('$connections')['shared_powerappsnotification']['connectionId']"}},"method":"post","body":{"recipients":["@items('Apply_to_each')?['Mail']"],"message":"お前ちょっと体育館裏まで来い"},"path":"/providers/Microsoft.PowerApps/scopes/connector/sendPushNotification","authentication":"@parameters('$authentication')"}}},"runAfter":{"ユーザーの検索":["Succeeded"]},"type":"Foreach"}},"outputs":{}},"connectionReferences":{"shared_office365users":{"connectionName":"shared-office365user-f91d7ac4-5597-4afd-8419-02220c939410","source":"Embedded","id":"/providers/Microsoft.PowerApps/apis/shared_office365users","tier":"NotSpecified"},"shared_powerappsnotification":{"connectionName":"shared-powerappsnoti-bc5f3afa-0862-46e0-9d39-b08d9769fe31","source":"Embedded","id":"/providers/Microsoft.PowerApps/apis/shared_powerappsnotification","tier":"NotSpecified"}},"flowFailureAlertSubscribed":false}}